year,name,genre
2015,GAME OF THRONES ,DRAMA
2015,VEEP,COMEDY
2014,BREAKING BAD,DRAMA
2014,MODERN FAMILY,COMEDY
2013,BREAKING BAD,DRAMA
2013,MODERN FAMILY,COMEDY
2012,HOMELAND,DRAMA
2012,MODERN FAMILY,COMEDY
2011,MAD MEN,DRAMA
2011,MODERN FAMILY,COMEDY
2010,MAD MEN,DRAMA
2010,MODERN FAMILY,COMEDY
2009,MAD MEN,DRAMA
2009,30 ROCK,COMEDY
2008,MAD MEN,DRAMA
2008,30 ROCK,COMEDY
2007,THE SOPRANOS,DRAMA
2007,30 ROCK,COMEDY
2006,24,DRAMA
2006,THE OFFICE,COMEDY
2005,LOST,DRAMA
2005,EVERYBODY LOVES RAYMOND,COMEDY
2004,THE SOPRANOS,DRAMA
2004,ARRESTED DEVELOPMENT ,COMEDY
